mean;std;
3.948344828;0.381577766;29
3.474137931;0.684782016;29
3.186758621;0.752104602;29
3.267275862;0.585669208;29
3.089034483;0.715465607;29
