mean;std;
3.649333333;0.643623956;24
3.197958333;0.575095113;24
2.899208333;0.579551624;24
3.145833333;0.441789116;24
3.020833333;0.836719976;24
